{
  "project_info": {
    "project_number": "914417654079",
    "project_id": "chatapp-6e472",
    "storage_bucket": "chatapp-6e472.appspot.com"
  },
  "client": [
    {
      "client_info": {
        "mobilesdk_app_id": "1:914417654079:android:3f6b9d7d25496d58d01b8a",
        "android_client_info": {
          "package_name": "com.example.chatapp"
        }
      },
      "oauth_client": [
        {
          "client_id": "914417654079-1pi18i28npr33mq6kl8o0sjbhuel51rn.apps.googleusercontent.com",
          "client_type": 3
        }
      ],
      "api_key": [
        {
          "current_key": "AIzaSyCRYAZOHirBHozigyVRA6q32GeB7MEVEMw"
        }
      ],
      "services": {
        "appinvite_service": {
          "other_platform_oauth_client": [
            {
              "client_id": "914417654079-1pi18i28npr33mq6kl8o0sjbhuel51rn.apps.googleusercontent.com",
              "client_type": 3
            }
          ]
        }
      }
    }
  ],
  "configuration_version": "1"
}